Date,MinTemp,MaxTemp,Rainfall,Evaporation,Sunshine,WindGustDir,WindGustSpeed,WindDir9am,WindDir3pm,WindSpeed9am,WindSpeed3pm,Humidity9am,Humidity3pm,Pressure9am,Pressure3pm,Cloud9am,Cloud3pm,Temp9am,Temp3pm,RainToday,RainTomorrow
2/1/2008,19.5,22.4,15.6,6.2,0,W,41,S,SSW,17,20,92,84,1017.6,1017.4,8,8,20.7,20.9,Yes,Yes
2/2/2008,19.5,25.6,6,3.4,2.7,W,41,W,E,9,13,83,73,1017.9,1016.4,7,7,22.4,24.8,Yes,Yes
2/3/2008,21.6,24.5,6.6,2.4,0.1,W,41,ESE,ESE,17,2,88,86,1016.7,1015.6,7,8,23.5,23,Yes,Yes
2/4/2008,20.2,22.8,18.8,2.2,0,W,41,NNE,E,22,20,83,90,1014.2,1011.8,8,8,21.4,20.9,Yes,Yes
2/5/2008,19.7,25.7,77.4,4.8,0,W,41,NNE,W,11,6,88,74,1008.3,1004.8,8,8,22.5,25.5,Yes,Yes
2/6/2008,20.2,27.2,1.6,2.6,8.6,W,41,W,ENE,9,22,69,62,1002.7,998.6,6,6,23.8,26,Yes,Yes
2/7/2008,18.6,26.3,6.2,5.2,5.2,W,41,W,S,15,15,75,80,999,1000.3,4,7,21.7,22.3,Yes,Yes
2/8/2008,17.2,22.3,27.6,5.8,2.1,W,41,S,SE,7,15,77,61,1008.3,1007.4,7,8,18.9,21.1,Yes,Yes
2/9/2008,16.4,20.8,12.6,4.8,3,W,41,SSW,W,19,9,92,91,1006.4,1007.6,7,7,17.1,16.5,Yes,Yes
2/10/2008,14.6,24.2,8.8,4.4,10.1,W,41,W,SSE,11,20,80,53,1014,1013.4,4,2,17.2,23.3,Yes,No
2/11/2008,16.4,23.9,0,6.4,8,W,41,WNW,E,9,26,78,53,1017.6,1015.3,7,8,18.9,23.7,No,No
2/12/2008,18.9,27.3,0,6.8,6.7,W,41,N,NE,7,24,68,67,1010.7,1007.5,7,7,22.9,24.7,No,Yes
2/13/2008,18.4,22.8,14.4,7,3.3,W,41,S,S,24,30,87,70,1009.2,1011.7,8,7,20.9,21,Yes,Yes
2/14/2008,16.9,24.3,3,3.2,8.7,W,41,SSW,SSE,15,19,81,51,1017.2,1016.5,7,1,18.4,23.3,Yes,No
2/15/2008,18.3,24.4,0,6.2,8.5,W,41,SW,SSE,19,22,80,56,1020.2,1018.9,7,3,19.5,23.8,No,No
2/16/2008,16.7,24.1,0,6.2,8.8,W,41,WNW,SSE,11,26,77,52,1023,1022.6,7,6,19.8,23.3,No,No
2/17/2008,19.5,24.8,0,7.6,3.2,W,41,SE,ESE,13,24,63,62,1024.7,1023.1,7,7,21.8,23.4,No,No
2/18/2008,18.6,25.3,0,4.2,4.5,W,41,SSE,ENE,13,24,70,59,1021.7,1019.4,7,6,21.2,23.8,No,No
2/19/2008,19,24.8,0,5.2,7.5,W,41,WNW,E,7,17,79,65,1018,1015.4,7,7,20.8,23.4,No,No
2/20/2008,18.3,26.4,0,4.6,11.1,W,41,W,E,13,22,80,60,1013.4,1010.8,3,1,21.3,25.2,No,No
2/21/2008,20.6,26.8,0,6.8,6.4,W,41,WNW,SE,4,15,86,62,1011.4,1009.7,7,7,22.1,24.9,No,No
2/22/2008,19.1,25.4,0.4,4.4,9.4,W,41,WNW,E,11,28,77,66,1009.2,1003.1,4,1,22.3,24.9,No,No
2/23/2008,20.5,26,0,6.6,12.2,W,41,WSW,ESE,20,24,38,45,1007.4,1007,1,1,22.5,24,No,No
2/24/2008,16.5,28.3,0,8.6,12,W,41,WNW,ESE,11,24,48,40,1007.9,1008,0,0,21.2,26.1,No,No
2/25/2008,20.5,24.2,0,8.6,1.5,W,41,E,E,15,20,58,54,1017.5,1016.9,7,7,21.6,23.5,No,No
2/26/2008,19.3,26.2,0,3.6,8.4,W,41,WSW,E,2,28,73,65,1018.3,1015.6,1,6,23,25.8,No,Yes
2/27/2008,19,29,22.2,8.2,3.3,W,41,W,NNE,0,15,82,52,1014.1,1010.6,7,7,21.3,24.7,Yes,Yes
2/28/2008,17.9,21.4,4.2,4.2,0,W,41,S,ESE,20,9,77,88,1010,1010.1,8,8,20.4,19.2,Yes,Yes
2/29/2008,14.7,20.6,33,7,8.9,W,41,SW,S,24,28,65,51,1015.3,1015.6,5,3,17.1,19.9,Yes,No
3/1/2008,12.8,22,0.2,6.2,11.3,W,41,W,SSE,19,31,55,46,1020.9,1020.6,0,1,15.9,21.2,No,Yes
3/2/2008,14.2,23.4,5.4,6.4,7.3,W,41,W,SE,13,17,93,54,1026.2,1025.2,7,2,15.1,22.4,Yes,No
3/3/2008,15,23.1,0.2,2.6,11.2,W,41,W,ENE,15,19,78,57,1025.8,1022.5,1,1,18.2,22.5,No,No
3/4/2008,15.5,25.4,0,6.8,11.3,W,41,WNW,E,9,19,77,57,1020.5,1018.6,0,2,18.7,23.8,No,No
3/5/2008,18.7,25.8,0,6,8.7,W,41,S,ESE,19,22,72,64,1024.8,1024.2,6,3,22.6,24.1,No,No
3/6/2008,19.6,26,0,5,10.4,W,41,N,ENE,11,19,67,65,1024.2,1019.8,1,1,22.1,24.7,No,No
3/7/2008,19.9,24.9,0,7.6,4.5,W,41,SSW,SSE,13,24,83,75,1021.3,1020.7,5,7,22.9,23.3,No,Yes
3/8/2008,16.5,24.8,17.4,6,9.6,W,41,WNW,E,9,22,88,71,1023.4,1022.3,1,2,18.8,21.5,Yes,No
3/9/2008,16.4,24.3,0,4.6,10.2,W,41,W,E,9,19,82,64,1025.5,1025.2,1,2,19.7,23.8,No,No
3/10/2008,19.3,26.3,0,4.6,10.8,W,41,WNW,NE,9,24,76,50,1025.1,1022.5,1,0,22.9,25.5,No,No
3/11/2008,18.6,26.1,0,7.6,11.3,W,41,ENE,E,2,20,72,58,1022,1021.4,0,0,21.9,26,No,No
3/12/2008,19.3,26.4,0,7,11.1,W,41,W,NE,7,22,77,60,1021.9,1018.8,1,1,22.2,25,No,No
3/13/2008,19.2,26.1,0,6,10.6,W,41,WNW,ESE,6,20,84,69,1019.7,1019,1,4,22.4,25.3,No,No
3/14/2008,18.8,26,0,5.4,11,W,41,W,ENE,9,24,84,62,1022.8,1020,3,1,21.8,25.7,No,No
3/15/2008,19.3,26.1,0,7,11.3,W,41,NW,ENE,2,20,80,64,1022.1,1020.9,1,1,22.5,25.6,No,No
3/16/2008,19.7,25.8,0,5.6,10.1,W,41,W,E,7,24,81,69,1024.6,1022.6,2,2,22.8,24.7,No,No
3/17/2008,19.5,25.7,0,6.4,10,W,41,WNW,E,4,19,82,60,1024.8,1022.8,4,1,22,25.4,No,No
3/18/2008,19,26.7,0,8,9.7,W,41,N,ENE,11,20,73,58,1023.3,1020,0,2,22.2,25.6,No,No
3/19/2008,19.9,26.9,0,6.6,6.3,W,41,SSE,E,7,13,70,60,1021.2,1019.4,5,7,23.9,24.9,No,No
3/20/2008,19.7,28.1,0,6,10.4,W,41,NNE,NE,6,17,70,58,1014.3,1009.6,2,2,23.5,27.6,No,No
3/21/2008,17.7,19.6,1,7,0,W,41,S,SSW,26,22,87,80,1017.3,1018.9,8,8,17.8,18.4,No,Yes
3/22/2008,16.9,23.2,2.2,2.2,0.6,W,41,ESE,E,24,30,81,60,1022.8,1022.2,7,7,19.6,21.7,Yes,No
3/23/2008,16.3,24.8,0.4,4,6.1,W,41,WNW,ESE,9,13,82,57,1023.1,1020.6,5,6,18.5,24.8,No,Yes
3/24/2008,18.5,24.3,17,2.6,8,W,41,NNW,ENE,7,26,95,72,1018.7,1015.3,6,2,19.9,23.3,Yes,No
3/25/2008,19.8,27.5,0.4,6.4,2.5,W,41,NE,NNW,4,17,81,58,1011.1,1006.9,5,7,21.4,27,No,Yes
3/26/2008,17,27.2,19,2.4,10.5,W,41,W,NW,0,6,76,38,1008.9,1007.9,1,5,20.5,27.1,Yes,No
3/27/2008,15,23.6,0,5.8,11,W,41,W,ESE,20,19,52,42,1014.7,1013.4,1,1,17.5,21.8,No,No
3/28/2008,15.2,21.7,0,2.6,8.3,W,41,SSW,SE,13,17,71,51,1017.1,1016.2,4,3,18.3,21.2,No,No
3/29/2008,14.4,22.9,0.2,4.8,9.3,W,41,W,E,15,15,85,65,1015.4,1011.2,3,2,16.7,21.7,No,No
3/30/2008,13.1,26.8,0,4.6,10.9,W,41,W,WNW,22,15,61,22,1013,1009,0,1,16.9,25.9,No,No
3/31/2008,13.5,25.6,0,5.8,10.4,W,41,WNW,WNW,9,17,57,31,1015,1012.5,4,1,16.3,24.9,No,No
4/1/2008,13.7,23.9,0,6.6,11,W,41,W,ESE,20,15,55,54,1023,1021.5,1,1,16.7,23.3,No,No
4/2/2008,14.1,28.7,0,3.8,10.5,W,41,W,N,6,22,75,34,1019,1012.4,1,7,17.8,28,No,No
4/3/2008,16.4,22.2,0,10.6,9.7,W,41,SW,WSW,26,20,42,21,1009.9,1010.8,6,1,16.6,21.2,No,No
4/4/2008,11.2,22.2,0,7.6,10.6,W,41,W,E,24,15,47,37,1020.8,1019.2,1,0,13.9,21,No,No
4/5/2008,11.6,22.7,0,4.2,10.7,W,41,WNW,E,13,17,71,50,1024.5,1023.4,0,1,15.2,21,No,No
4/6/2008,13.1,22.7,0,3.6,6.4,W,41,W,ESE,13,20,71,55,1027.2,1024.6,5,6,17.7,22.1,No,Yes
4/7/2008,15.3,22,12,3.2,4.7,W,41,SSW,SSE,11,15,83,70,1026.3,1024.2,5,6,18.2,19.8,Yes,Yes
4/8/2008,14.6,22.1,9.6,5.4,5.1,W,41,SE,SE,20,17,86,75,1026.5,1024.1,6,6,17,18.9,Yes,Yes
4/9/2008,15.6,22.2,22.8,5.4,5.8,W,41,W,E,13,20,96,62,1024.6,1021.4,7,5,16.3,21.1,Yes,Yes
4/10/2008,13.8,22.7,2.2,3.6,10.6,W,41,W,E,15,15,77,60,1022.1,1019.7,5,1,18.7,21.9,Yes,No
4/11/2008,14.1,23.5,0,3.2,8.9,W,41,W,E,15,15,83,61,1020.1,1017.5,4,2,17.1,22.1,No,No
4/12/2008,14,23.8,0,4,7.8,W,41,W,E,11,9,79,59,1018.6,1016,7,4,17.6,22.2,No,No
4/13/2008,15.1,22.7,0,1.8,6.6,W,41,W,ESE,11,4,81,75,1016.4,1013.4,5,6,17.4,19.7,No,Yes
4/14/2008,13.2,18.9,11,3.2,5.2,W,41,SSW,S,19,30,82,64,1019.6,1019.2,7,3,15.9,18.8,Yes,Yes
4/15/2008,13.8,19.7,2.8,2.8,1.7,W,41,SW,S,20,22,85,71,1025.4,1023.9,7,7,15.9,19,Yes,Yes
4/16/2008,13.8,20.9,1.4,4.6,2.2,W,41,SSW,SSW,15,20,78,85,1026.4,1024.6,7,8,17.2,16.2,Yes,Yes
4/17/2008,14.9,19.7,4.6,1.4,0.8,W,41,SSW,S,17,13,91,72,1025.1,1023.4,7,7,16.4,19.4,Yes,Yes
4/18/2008,15.3,20,6.4,3.2,0.3,W,41,W,SSE,4,15,94,75,1025.4,1023.7,8,7,16.4,19.6,Yes,Yes
4/19/2008,15.9,21.4,5,4.8,5,W,41,SE,SE,22,24,51,61,1027.2,1026.1,6,7,19.3,19.5,Yes,Yes
4/20/2008,15.2,19.1,2.8,4,1.3,W,41,ESE,S,15,6,79,75,1026.6,1023.7,7,6,17.3,18.4,Yes,Yes
4/21/2008,14.7,19.3,21.8,7.5,4.6,W,41,SSW,S,9,19,91,70,1023.2,1021.4,8,7,16.6,19,Yes,Yes
4/22/2008,14.4,20.3,10.2,3.6,2,W,41,SSE,SE,9,20,90,55,1023.6,1022.3,7,5,16.1,20.1,Yes,Yes
4/23/2008,14.7,17.9,12.6,4,0.7,W,41,SW,SSE,6,22,90,89,1024,1022.1,7,7,16.2,17.2,Yes,Yes
4/24/2008,14.7,20,15.6,1.6,2.5,W,41,S,S,19,20,93,80,1021.3,1018.6,7,7,16.8,19.3,Yes,Yes
4/26/2008,12.7,24.8,0.4,2.6,10.2,W,41,W,E,15,6,81,38,1011.2,1007,2,7,15.6,24.6,No,No
4/27/2008,15.6,26.1,0,5.2,7.6,W,41,NNW,N,20,22,51,28,1005.2,999.1,6,2,20.3,25.7,No,No
4/28/2008,11.9,16.8,0,7.6,8.5,W,41,W,WSW,20,24,46,33,1007.4,1008.6,2,6,13.7,15.6,No,No
4/29/2008,8.6,18.4,0,3.8,10.5,W,41,W,SSE,24,9,54,41,1020.4,1019.8,1,1,11.7,17.8,No,No
4/30/2008,8.4,19.6,0,3.6,9.8,W,41,W,E,15,17,68,50,1024.2,1021.3,1,3,11.6,18.1,No,No
5/1/2008,11.6,18.2,0,4,2.7,W,41,WNW,W,11,7,74,56,1019.7,1016.7,7,7,13.4,18.1,No,No
5/2/2008,10.8,22.2,0,2.4,9.1,W,41,W,WSW,19,17,65,44,1018.7,1015.3,1,3,14.5,21.7,No,No
5/3/2008,10.9,19.6,0,3.4,10.5,W,41,W,SSE,19,11,62,52,1019.3,1016.9,1,1,14.1,18.6,No,No
5/4/2008,9.4,20.3,0,3.6,10.3,W,41,W,SE,22,11,64,47,1021.1,1018.3,1,1,12.4,19.4,No,No
5/5/2008,9.4,22.3,0,2,10,W,41,W,NW,15,7,71,34,1018.7,1015.2,1,2,12.4,22.2,No,No
5/6/2008,11.8,23.6,0,3.4,3.1,W,41,W,WNW,9,9,74,48,1017.1,1013.3,6,7,13.7,21.1,No,No
5/7/2008,13,23,0,3.6,9.4,W,41,W,SSE,22,13,57,44,1014.3,1011.8,1,3,16.5,22,No,No
5/8/2008,11,21.8,0,3.2,10.2,W,41,W,S,24,15,63,45,1019.2,1017.5,1,1,14,20.8,No,No
5/9/2008,11,21.9,0,3.2,10.1,W,41,W,SE,17,11,75,60,1021.4,1020.2,0,1,14.3,20.6,No,No
5/10/2008,12.6,21.3,0,3,9.6,W,41,WNW,E,11,11,86,67,1022.2,1019.6,1,1,15.2,19.3,No,No
5/11/2008,14,19.4,0,1.2,2.1,W,41,WNW,SSE,13,15,84,67,1023.1,1021.2,7,7,16.8,18.7,No,No
5/12/2008,12.4,19.5,0,1.6,7.3,W,41,W,E,11,15,88,63,1023.5,1020.5,1,1,14.9,19.2,No,No
5/13/2008,13.2,19.7,0,1.8,4.2,W,41,W,E,11,9,88,67,1023.4,1021.7,6,7,15,18.1,No,No
5/14/2008,11.2,20.6,0,2,9.7,W,41,W,ENE,20,19,82,64,1023.8,1020.5,1,1,13.8,20,No,No
5/15/2008,12,21.4,0.2,3.2,8.7,W,41,W,E,13,9,90,60,1022.2,1017.8,1,1,13.9,21.3,No,Yes
5/16/2008,13.8,23.2,1.2,2.2,6.4,W,41,WNW,NE,15,15,78,66,1017.1,1013,6,2,15.9,20.9,Yes,No
5/17/2008,15.2,21.8,0,4.2,6.9,W,41,NNW,NNW,20,17,52,41,1008.4,1003.6,3,7,19.2,20.9,No,No
5/18/2008,8.8,17.8,0,4.2,9.4,W,41,W,W,19,31,57,36,1007,1006.3,1,1,11.6,17,No,No
5/19/2008,10.7,20.5,0,4.4,9.9,W,41,W,WNW,22,7,58,36,1015.7,1013.3,1,0,12.5,20.3,No,No
5/20/2008,10.3,21.7,0,3,10,W,41,W,W,24,7,64,38,1020.1,1017.5,1,1,13,21.3,No,No
5/21/2008,11.1,18.9,0,2.4,6.1,W,41,WNW,S,19,22,74,64,1022.4,1022.8,4,7,13.5,17.3,No,No
5/22/2008,11.9,18.7,0,4,7.5,W,41,SSW,SSE,20,19,63,52,1028.2,1026.2,1,2,15.1,17.4,No,No
5/23/2008,11,18.4,0,3.4,5.4,W,41,WNW,SSE,17,13,76,53,1026.9,1024.6,1,5,12.7,17.1,No,No
5/24/2008,11.4,20.1,0,2.4,9.1,W,41,W,NW,13,2,71,39,1025.4,1022.7,1,1,13.3,19.3,No,No
5/25/2008,8.8,18.3,0,3.6,6.5,W,41,W,ENE,17,11,78,58,1025.1,1022.2,4,3,11.1,16.9,No,No
5/26/2008,10.9,21.1,0.4,0.4,9.1,W,41,W,ENE,20,13,81,58,1025.9,1022.6,6,2,12.9,19.5,No,No
5/27/2008,11.5,22.4,0,3.2,8.7,W,41,W,E,15,13,82,71,1024.6,1021.8,3,1,13.6,19.1,No,No
5/28/2008,11,19.2,0,1.6,3.9,W,41,W,NE,26,2,80,74,1025.6,1023.9,3,6,12.8,18.6,No,No
5/29/2008,11,18.6,1,1,4.6,W,41,W,S,19,4,86,76,1030.2,1029.1,3,2,12.7,17.6,No,No
5/30/2008,10.9,21,0.2,1.4,5.6,W,41,W,E,19,7,87,58,1032,1028.7,1,2,12.7,19.6,No,No
5/31/2008,10.8,20.1,0,1,9.4,W,41,WNW,SSE,17,17,90,61,1028.6,1026.66,1,1,11.7,19.4,No,No
6/1/2008,11.6,20.5,0.2,2.2,0.3,W,41,W,SE,19,17,91,74,1029.3,1027,7,7,14.3,18.7,No,Yes
6/2/2008,14.3,17.6,22,1.8,0.1,W,41,W,W,9,7,97,90,1027.3,1024.8,8,7,15.3,17.1,Yes,Yes
6/3/2008,15.2,19.1,4,0.4,0,W,41,W,E,17,22,98,90,1026.4,1024.1,8,8,15.6,16.7,Yes,Yes
6/4/2008,15.5,18.3,9.2,2.4,0,W,41,SE,ESE,19,26,87,88,1023.1,1020.5,8,8,17.5,17.2,Yes,Yes
6/5/2008,15.2,16.9,46.4,2.4,0,W,41,SSW,S,24,24,82,84,1020.1,1018.6,7,8,16,16.6,Yes,Yes
6/6/2008,14.7,17.4,12.4,0.4,1.8,W,41,WSW,SSW,15,24,81,70,1021.2,1020.3,7,6,15.1,16.6,Yes,No
6/7/2008,11.7,18.2,0,2.2,8.8,W,41,W,S,19,24,76,49,1025,1025.7,1,1,13.3,17.9,No,Yes
6/8/2008,12.7,17.7,6,1.4,0.5,W,41,WNW,ESE,17,17,97,71,1032.1,1029.8,8,7,14.1,17.2,Yes,Yes
6/9/2008,13,16.9,3.6,1.2,1.2,W,41,W,ESE,13,2,96,89,1030.9,1028,7,8,13.9,16.2,Yes,Yes
6/10/2008,12.4,19.9,1.6,1.6,3.9,W,41,W,N,13,9,98,68,1027.5,1023.9,7,1,13.2,19.1,Yes,No
6/11/2008,13.2,19.9,0,1.8,0,W,41,NNW,N,6,4,74,70,1022.9,1020.6,7,8,17.3,19.6,No,Yes
6/12/2008,13.7,22.1,5.4,1.8,6.9,W,41,W,ENE,11,7,97,64,1022.4,1018.1,8,1,14.1,20.1,Yes,No
6/13/2008,14,18.8,0,3.4,8.6,W,41,NW,WSW,20,26,67,42,1012.2,1011.5,1,2,16.6,16.7,No,No
6/14/2008,9.6,14.6,0,3.8,3.4,W,41,W,SW,30,24,49,52,1022,1022.5,5,7,11.2,14.1,No,No
6/15/2008,10.6,15.3,0,2.8,0.1,W,41,SSW,SSW,24,26,75,87,1024.4,1022.8,7,8,13.7,14.5,No,Yes
6/16/2008,13.3,16.8,7.2,5,2.4,W,41,SSW,SSW,19,20,86,83,1024.2,1023,6,7,15,15.8,Yes,Yes
6/17/2008,13.1,17.5,3.4,0.8,1.3,W,41,W,SSW,11,13,88,73,1026.7,1024.8,7,7,14.2,17.3,Yes,No
6/18/2008,13.6,19.4,0,1.6,4.1,W,41,W,NE,13,2,90,69,1025.5,1022.1,7,8,14.8,19.2,No,No
6/19/2008,12.8,20.3,0,2,5,W,41,WNW,ESE,13,13,91,69,1020.3,1017.4,6,7,13.9,18.6,No,Yes
6/20/2008,13.8,17.9,3.6,0.6,0.6,W,41,W,W,19,19,81,60,1018.3,1016.2,7,7,14.3,17.2,Yes,Yes
6/21/2008,11.6,18.5,2.2,1.8,9.4,W,41,W,WSW,15,17,66,40,1020.7,1018.9,1,1,13.2,18,Yes,No
6/22/2008,9.7,17.3,0,3.4,9.3,W,41,W,SSW,22,22,61,54,1023.2,1024,1,3,11.4,16.3,No,No
6/23/2008,8.2,17.1,0,3.4,7,W,41,WNW,WSW,13,13,74,43,1023.7,1020.4,1,7,9.9,17,No,No
6/24/2008,9.2,19.2,0,1.8,9.2,W,41,W,WNW,19,9,72,45,1027,1023.1,1,1,10.7,18.8,No,No
6/25/2008,9.9,19.6,0,2.8,9.8,W,41,W,WNW,17,6,69,43,1024.6,1020.6,1,0,11.8,19.4,No,No
6/26/2008,10.2,20.2,0,3.2,9.7,W,41,WNW,W,28,28,47,38,1017,1016.8,0,1,14.6,19.3,No,No
6/27/2008,9.5,19.4,0,4.4,9.3,W,41,W,WSW,24,15,57,32,1025.9,1023.6,0,0,10.8,18.9,No,No
6/28/2008,7.9,18.7,0,3,8.8,W,41,W,SSE,20,9,68,43,1027.6,1024.7,1,1,10.1,18.1,No,No
6/29/2008,7.9,21,0,0.8,9.8,W,41,WNW,NNW,13,6,84,42,1024.1,1018.8,2,1,9.2,20.8,No,No
6/30/2008,9.2,22.1,0,3.2,9.8,W,41,NNW,NW,19,28,47,35,1017.1,1010.3,1,1,13.8,21.6,No,No
7/1/2008,10.3,19.6,0.2,3.8,9.5,W,41,W,W,0,41,45,34,1011,1008.5,0,1,13.1,19.2,No,No
7/2/2008,10.8,19.2,0,4,9.7,W,41,WNW,W,26,31,55,35,1012.5,1011.2,1,1,14.6,18.8,No,No
7/3/2008,9.2,17.9,0,3.2,9.6,W,41,W,WNW,17,7,63,42,1022.7,1020.8,1,1,10.7,17.4,No,Yes
7/4/2008,8.2,15,1.2,2.4,0.4,W,41,W,S,20,9,84,88,1029,1028.2,7,7,9.1,12.9,Yes,Yes
7/5/2008,9.1,17.4,14.2,1.6,2.5,W,41,WNW,NE,11,15,78,48,1031.9,1028.9,6,6,11.3,16.8,Yes,No
7/6/2008,8.3,18.4,0,2.2,7.8,W,41,W,SSE,15,4,84,59,1029.2,1025.7,1,3,9.8,17.7,No,No
7/7/2008,9.7,19.8,0,2.2,4.3,W,41,W,N,9,11,87,55,1024.4,1019.7,7,5,11.3,19.3,No,No
7/8/2008,10.5,17.2,0.2,1.6,5.5,W,41,W,SE,11,7,80,49,1020.9,1017.4,1,4,12.1,16.4,No,No
7/9/2008,6.9,13.3,0,2.8,4.6,W,41,W,WSW,15,20,57,43,1018,1015.7,2,7,9.6,13.2,No,Yes
7/10/2008,7.2,15.8,1.8,2.4,4.9,W,41,WNW,NW,11,26,58,38,1014.6,1010,7,3,10.2,15.8,Yes,No
7/11/2008,10,16.5,0,4.8,9.8,W,41,W,WSW,24,20,46,27,1016.5,1017,1,1,11.3,16.1,No,No
7/12/2008,5.7,15.9,0,3.4,8.3,W,41,W,NE,17,13,67,45,1027.5,1023.5,4,7,7.8,15,No,No
7/13/2008,7.8,17.3,0,2.6,0,W,41,W,N,4,17,67,58,1024.2,1021.2,8,8,11.5,17.1,No,No
7/14/2008,10.1,23.1,0,1.8,6.1,W,41,W,E,0,7,80,54,1021.5,1017.3,7,1,12,22.9,No,No
7/15/2008,9.7,19.8,0,1.8,9.7,W,41,W,ESE,20,11,81,70,1020.8,1018.4,1,1,11.1,17.4,No,No
7/16/2008,8.9,18,0,2,9.6,W,41,WNW,SSE,13,11,81,50,1022.2,1019.1,1,1,10.8,17.4,No,No
7/17/2008,8.2,18.5,0,1.4,9,W,41,W,N,15,17,84,38,1019.2,1013.3,4,5,10.1,17.3,No,No
7/18/2008,8.2,18.7,0,4,8.7,W,41,W,W,13,39,73,21,1010.1,1007.3,1,1,10.1,17.9,No,No
7/19/2008,8.1,18.2,0,3.4,9.5,W,41,W,W,4,6,53,32,1016.2,1014.1,1,2,10.9,18.2,No,No
7/20/2008,10.8,17.6,0,3.2,0,W,41,N,NE,6,4,41,55,1015.4,1008.6,8,8,14.6,16.8,No,Yes
7/21/2008,10.4,17.5,2.8,1.6,9.7,W,41,NW,W,26,31,56,31,1006.2,1008.1,1,1,13.1,16.7,Yes,No
7/22/2008,7.2,15.1,0,3.8,10,W,41,W,SSW,19,22,52,31,1024.8,1025.2,0,1,8.8,13.9,No,No
7/23/2008,5.5,14.7,0,4,4,W,41,W,SSW,22,19,67,61,1031.5,1029.6,6,6,7,14.1,No,Yes
7/24/2008,6.9,15.9,7,0.2,1.7,W,41,W,ESE,19,22,95,70,1029.3,1025.4,8,7,10.9,14.7,Yes,Yes
7/25/2008,9.8,12.7,8.8,2.4,0.1,W,41,WSW,S,15,17,93,81,1022.6,1020.1,8,7,10.5,12.6,Yes,Yes
7/26/2008,6.2,17,16.2,1.4,8.6,W,41,W,SSE,24,13,79,47,1018.3,1014.3,1,5,8.4,15.5,Yes,No
7/27/2008,6.3,17.6,0,2,7.6,W,41,W,ESE,11,6,71,41,1013.1,1008.6,2,7,9.1,16.4,No,Yes
7/28/2008,7,13.6,3.8,3,3.6,W,41,W,SW,20,31,79,79,1011.3,1011.3,6,8,8.4,10.2,Yes,Yes
7/29/2008,8,15,33.2,1.4,6.9,W,41,W,SSW,22,20,86,59,1017.2,1015.1,6,6,9.1,13.5,Yes,No
7/30/2008,6,17,0.2,2.6,9.7,W,41,W,ESE,19,11,65,43,1016.7,1013.7,2,1,9.4,16.2,No,No
7/31/2008,6,20.3,0,3.4,10.2,W,41,W,E,19,11,71,42,1016.6,1011.6,1,2,7.9,18.5,No,No
8/1/2008,7.9,20.8,0,4.6,1.8,W,41,WNW,WNW,17,26,40,46,1004.8,1003.3,6,7,17.2,16.8,No,No
8/2/2008,9.7,16.8,0,4.6,10.1,W,41,W,W,28,24,48,32,1013.2,1013.3,1,1,11.9,16.6,No,No
8/3/2008,9.4,18.8,0,3.6,10,W,41,W,W,20,7,52,34,1020.4,1017.7,0,1,11.6,18.7,No,No
8/4/2008,8.1,17.2,0,3,5.9,W,41,W,E,13,13,62,45,1020.4,1017.1,6,6,10.6,15,No,No
8/5/2008,6.6,16.3,0,3.4,8.5,W,41,W,SSE,22,13,67,52,1019.1,1016.1,1,5,9.2,16.3,No,No
8/6/2008,8.8,15.5,0,3.4,3.4,W,41,W,SSW,15,13,89,70,1014.9,1015.6,7,7,9.5,14.3,No,No
8/7/2008,8.3,16.5,0.8,0.4,6,W,41,W,NW,20,19,74,75,1017.9,1014.6,1,7,10.9,11.4,No,Yes
8/8/2008,8.2,18.6,4.6,1.4,5.7,W,41,W,SW,17,19,58,38,1016.4,1016.9,7,5,11.7,18.4,Yes,No
8/9/2008,6.9,17.3,0,4,9.6,W,41,W,WNW,19,15,56,37,1021.9,1018.1,1,4,9.9,16.4,No,No
8/10/2008,6.7,15.6,0,3,5.9,W,41,NW,WNW,19,24,62,38,1016.2,1011.8,2,2,10.5,13.5,No,No
8/11/2008,7,15.9,0.4,3.6,10.7,W,41,W,W,33,20,46,35,1016,1015.4,1,4,9.4,15.4,No,No
8/12/2008,6.8,16.3,0,3,10,W,41,W,W,19,30,50,28,1021.7,1018.8,1,1,10.7,15.8,No,No
8/13/2008,8.4,17.4,0,4,10.5,W,41,WSW,ESE,22,15,49,34,1023,1021.9,1,2,12.2,16,No,No
8/14/2008,7.2,18.5,0,4,10.4,W,41,W,WSW,22,26,51,28,1021.1,1015.6,0,1,10.2,18,No,No
8/15/2008,9.4,18.8,0,4.6,10.7,W,41,W,W,22,31,49,33,1013.4,1010.2,1,1,12.4,18.1,No,No
8/16/2008,10.5,18,0,4,9.2,W,41,W,SE,22,15,48,42,1011.8,1010.5,1,4,13.2,16.6,No,No
8/17/2008,6.9,16.4,0,4.6,10.4,W,41,W,SSE,17,15,45,35,1021.9,1021.8,1,1,10.4,15.5,No,No
8/18/2008,5.6,15.8,0,3.4,7.6,W,41,W,SSW,20,19,59,33,1024.9,1021.2,6,7,9.2,15.3,No,No
8/19/2008,5.3,17.6,0.6,1.8,10.8,W,41,W,ENE,22,15,65,32,1028.8,1025.4,1,5,9.5,17.5,No,No
8/20/2008,8.2,19.5,0,3.8,7.4,W,41,E,W,2,4,58,35,1026.6,1023.2,7,7,12.6,19.2,No,No
8/21/2008,9.4,20.2,0,3.2,1.1,W,41,W,ENE,7,11,58,44,1022.5,1017.1,8,7,12,18.2,No,Yes
8/22/2008,10.2,11.9,2.6,3.4,0,W,41,W,SSW,15,17,90,87,1016.1,1015.5,8,8,10.5,10.5,Yes,Yes
8/23/2008,7.3,14.8,20.8,1.6,5.9,W,41,SSW,S,24,28,65,53,1022.8,1024.1,7,7,11.2,13.4,Yes,No
8/24/2008,5.5,17.3,0,3,10.4,W,41,W,SSE,24,22,63,47,1029.6,1027.9,1,2,9.8,16.6,No,No
8/25/2008,8.2,16.4,0,3.6,7.1,W,41,W,NE,15,19,76,48,1029.9,1024.8,7,5,11.1,16,No,No
8/26/2008,8.5,21.5,0,2.6,9.3,W,41,WNW,E,19,15,78,51,1023.4,1019.3,2,3,11.1,18.7,No,No
8/28/2008,8.8,16.9,2.4,3.2,8.5,W,41,W,S,13,20,85,59,1028,1025.3,3,5,12,15.8,Yes,No
8/29/2008,8.7,18.2,0,4.2,10.1,W,41,WNW,SSE,19,20,70,62,1025.7,1022.3,2,4,12.5,16.1,No,No
8/30/2008,8.1,16,0,4.8,6.3,W,41,W,ENE,13,17,82,65,1023.4,1019.1,5,7,12.1,15.7,No,Yes
8/31/2008,12.1,19.2,12,4.8,0.3,W,41,NNE,N,15,22,91,71,1011.2,1009.555,7,7,15.3,19.1,Yes,No
9/1/2008,10.4,21,0.2,4,11.3,W,41,W,E,7,19,54,41,1022.9,1020.8,0,0,15,19,No,No
9/2/2008,8.7,20.6,0,3,11.1,W,41,W,ESE,19,17,56,39,1026.1,1024.4,0,1,14.1,18.9,No,No
9/3/2008,9.7,17.9,0,3.4,6.2,W,41,SSE,SSE,22,30,67,64,1032.6,1032.4,7,7,15.8,16,No,No
9/4/2008,13.5,17.1,0.4,4.6,0.7,W,41,SE,ESE,20,26,55,64,1034.2,1031,7,8,15.4,15.8,No,Yes
9/5/2008,13.1,15.7,1.6,4.4,0,W,41,ESE,ESE,28,20,76,88,1024.9,1020.8,8,8,15.6,14.2,Yes,Yes
9/6/2008,11.8,14.2,62.2,4.8,0,W,41,S,S,22,30,92,88,1014.8,1013.1,8,8,13,12.3,Yes,Yes
9/7/2008,9.5,19,21.6,0,9.4,W,41,W,ESE,15,15,69,51,1016.4,1014.1,2,6,14.1,18.3,Yes,No
9/8/2008,9.4,17.5,0,3.4,9.9,W,41,W,SSE,15,24,68,51,1019.5,1018.2,1,2,13.9,16.4,No,No
9/9/2008,8.4,16.4,0,6.2,10.9,W,41,WSW,SE,13,20,49,43,1025,1021.9,1,1,12.6,15.4,No,No
9/10/2008,7,16.8,0,4,10.7,W,41,W,ESE,17,19,66,44,1022.7,1019.1,1,1,12.4,16.6,No,No
9/11/2008,7.1,17.7,0,3,10.3,W,41,WNW,ENE,15,20,72,60,1019.2,1014.2,1,2,12.3,16.8,No,No
9/12/2008,8.7,24.3,0,3.6,10.8,W,41,W,NE,11,20,53,35,1014.9,1010.8,1,1,14.8,21.9,No,No
9/13/2008,14.8,30.6,0,7.4,10.6,W,41,E,NE,4,7,40,47,1014.1,1010.4,3,1,24.3,25,No,Yes
9/14/2008,17.2,23.5,3.6,9.6,2.8,W,41,N,NW,15,7,82,79,1011.8,1007.4,8,6,18,19.3,Yes,Yes
9/15/2008,16.9,27.9,4,3,11,W,41,N,NW,28,39,58,23,1009.7,1003.4,1,1,22.5,27.8,Yes,No
9/16/2008,12.3,19.8,0,10.6,11.3,W,41,W,WSW,39,19,30,25,1015.8,1016.5,1,1,14.3,19.5,No,No
9/17/2008,10.7,16.3,0,7.2,4.6,W,41,S,SE,15,11,60,58,1026.4,1023.4,6,6,14.8,15,No,No
9/18/2008,9.4,19.4,0,3.6,10.1,W,41,W,NE,6,22,63,61,1021.4,1016.2,1,4,15.7,18.3,No,No
9/19/2008,14.6,25.8,0,4.2,10.4,W,41,W,NE,0,20,67,47,1015.8,1011,1,0,19.4,24,No,No
9/20/2008,18.8,32.8,0,7.6,10.9,W,41,N,W,6,26,46,17,1010.1,1005.9,0,6,25.8,31.6,No,No
9/21/2008,15.8,21.6,0,9,10.9,W,41,E,NE,9,19,73,61,1019.8,1014.4,4,0,18,20.7,No,No
9/22/2008,13.2,29.8,0,4.4,7.5,W,41,W,NW,6,37,64,33,1011.6,1007,0,7,19.1,27.6,No,Yes
9/23/2008,15.6,17,2.6,10.4,3,W,41,SSW,SSE,17,24,88,60,1015.5,1018,8,5,15.6,16.9,Yes,Yes
9/24/2008,9.7,18.6,2.2,2.4,11.1,W,41,WNW,E,11,19,60,50,1030.3,1028.6,3,1,16.2,17.5,Yes,No
9/25/2008,10.3,18.6,0,4,10.9,W,41,W,E,6,19,67,54,1031.6,1027.8,1,1,16,18.2,No,No
9/26/2008,11.3,22.2,0,6.2,11.4,W,41,ESE,NE,4,11,56,53,1024.3,1018.4,1,5,17.9,21.6,No,No
9/27/2008,14,25.4,0,5.6,11.4,W,41,S,E,7,9,67,62,1021.6,1015.7,4,1,20.4,21.4,No,No
9/28/2008,19.8,32.9,0,6.6,8.4,W,41,WNW,SSE,17,28,35,62,1009.8,1007.1,2,2,25.4,21.5,No,No
9/29/2008,13.5,21.8,0,6.6,7.1,W,41,SW,SE,19,24,42,63,1013.8,1015.6,1,7,19.4,16.1,No,No
9/30/2008,11.9,19.2,0.8,6.4,11.1,W,41,W,NE,6,15,61,48,1020.3,1016.777,2,1,16.5,19,No,No
10/1/2008,12.6,24.7,0,5.2,10.6,W,41,WNW,NE,9,22,70,69,1020.9,1015.7,6,1,19,20.5,No,No
10/2/2008,18.9,31.1,0,6.6,10,W,41,NE,NE,4,19,44,39,1016.9,1013.5,3,1,24.7,29.7,No,No
10/3/2008,22.5,34.8,0,8.6,9.8,W,41,WNW,W,15,11,41,20,1014.8,1010.3,1,7,29.6,33.9,No,Yes
10/4/2008,17.5,19.4,9.6,10.4,0,W,41,ESE,NE,13,9,89,88,1015.2,1012.9,7,8,18.9,19,Yes,Yes
10/5/2008,14.6,19.1,3.4,1,0,W,41,SSW,S,11,11,93,86,1018.4,1015.3,8,8,14.9,16,Yes,Yes
10/6/2008,14.9,22.8,1.8,2,3.3,W,41,SSW,ENE,15,22,85,71,1009.2,1003.9,8,7,18.5,20.2,Yes,No
10/7/2008,9.7,20.6,0.4,3.4,11.7,W,41,W,E,22,24,51,42,1017.7,1014.4,1,1,12.8,17.2,No,No
10/8/2008,10.9,19.7,0,4.8,10,W,41,W,E,19,15,53,47,1018.8,1018.6,4,1,14,18.4,No,No
10/9/2008,10.5,19.9,0,5.4,11.7,W,41,W,ESE,17,22,56,58,1026.2,1025.7,1,1,15.8,19.2,No,No
10/10/2008,12.6,21.5,0,6,10.7,W,41,WNW,E,11,20,76,57,1029,1025.4,3,3,16.9,20.5,No,No
10/11/2008,14.6,22.3,0,6.6,7.2,W,41,W,E,6,22,82,65,1027.4,1024.3,5,3,16,20,No,No
10/12/2008,14.2,22.5,0,3.6,10.6,W,41,W,E,11,28,76,69,1025,1021.8,1,1,18.6,20.8,No,No
10/13/2008,16.1,29.2,0,7,9.2,W,41,W,NE,6,24,72,43,1021.4,1016.6,2,2,20.2,27.7,No,No
10/14/2008,16.6,21,0.6,9.2,2.3,W,41,SSW,E,20,20,89,84,1021.7,1016,8,7,16.8,17.6,No,Yes
10/15/2008,15.1,18.9,9,3.2,5,W,41,SSE,SE,20,17,63,55,1022.4,1021.2,7,8,15.9,18.1,Yes,No
10/16/2008,11.8,22.1,0,4.2,11.4,W,41,W,E,7,19,64,42,1025.5,1023.4,1,1,16.6,20.3,No,No
10/17/2008,12.9,24.9,0,5.8,11.7,W,41,W,ENE,7,20,71,49,1024.2,1021,1,2,17.6,22.4,No,No
10/18/2008,16.7,23.2,0,7.4,10.3,W,41,S,E,4,24,77,82,1025.4,1022,5,2,18.6,19.7,No,No
10/19/2008,16.5,26.8,0,7.8,10.8,W,41,W,NE,6,9,64,48,1022.3,1018.5,1,2,21.3,26.6,No,No
10/20/2008,17.1,22.2,0,8,5.7,W,41,SSW,SE,20,20,76,55,1022.3,1019.3,7,1,18.1,21.8,No,Yes
10/21/2008,14.5,19.2,1.8,5.2,8.4,W,41,SSW,SSE,26,35,68,59,1020.9,1019.6,6,7,16.8,18.8,Yes,Yes
10/22/2008,9.9,14.3,12.6,6,2.3,W,41,WSW,S,19,24,87,74,1022.1,1021.9,7,7,10.3,12.4,Yes,Yes
10/23/2008,7.9,15.7,11.4,4.2,5,W,41,SW,S,24,26,71,75,1023.2,1022.5,6,7,11.9,14.1,Yes,Yes
10/24/2008,9,20.2,2,2.4,10.2,W,41,WNW,E,15,17,66,51,1023.2,1019,6,6,14.4,18.2,Yes,No
10/25/2008,12.3,24,0,4.8,11.5,W,41,W,E,17,19,66,47,1018.3,1015.1,1,1,17.3,22.2,No,No
10/26/2008,14.4,24.4,0,8,8.7,W,41,ESE,NNE,6,19,58,57,1016.8,1013.4,6,7,20.2,23.6,No,No
10/27/2008,19.8,33.6,0,7.6,11.8,W,41,E,NE,6,20,55,38,1015.2,1010.8,2,1,23.7,29.8,No,No
10/28/2008,17.6,21.9,0,11.4,5.7,W,41,S,SSE,11,22,67,70,1020.8,1019.9,5,8,20.8,20.5,No,Yes
10/29/2008,16.8,17.3,6.2,4.6,0,W,41,ESE,SE,11,13,93,91,1024.3,1023.8,8,8,17.2,16.7,Yes,Yes
10/30/2008,15.1,25.8,7.6,1.2,3.7,W,41,W,NE,9,20,92,70,1022.6,1016.7,8,6,17,23.5,Yes,No
10/31/2008,16.9,35,0.2,3.2,5,W,41,N,WNW,17,26,53,24,1010,1005.3,6,7,25.6,34.6,No,No
11/1/2008,18,21.2,0.4,10.2,2.4,W,41,S,SSE,19,24,73,64,1021.9,1022.9,7,7,18.9,20.4,No,No
11/2/2008,17.5,23.1,0.8,4.6,0.2,W,41,W,NE,11,17,72,60,1024.9,1021,7,7,18.3,20,No,Yes
11/3/2008,17.2,30.3,2.8,3.4,10.3,W,41,WNW,W,22,24,62,35,1009.7,1006,2,4,23.1,28.6,Yes,No
11/4/2008,15.5,19,0.2,7.8,6.2,W,41,S,SSE,22,31,59,62,1015,1015.9,7,6,17.5,17.8,No,No
11/5/2008,14.5,21,0,7.8,5,W,41,W,NE,4,20,59,60,1015.5,1010.6,6,8,18.2,20.1,No,No
11/6/2008,15.2,30.3,0,6,10.3,W,41,W,ENE,9,17,58,45,1009.6,1006.7,5,7,21,25,No,No
11/7/2008,16,24.1,0,8.4,4.1,W,41,WNW,E,15,13,61,60,1014.5,1011.1,6,8,18.7,21.3,No,No
11/8/2008,18.4,25.2,0.2,5.2,0.2,W,41,NNW,WSW,24,17,62,47,1001.8,1003.8,7,8,22.1,22.8,No,No
11/9/2008,16.6,23,0.4,4.4,11,W,41,W,E,13,20,46,60,1017.2,1017.9,1,2,20.7,21.5,No,No
11/10/2008,17.4,23.3,0,8,8.1,W,41,E,E,2,20,63,56,1023.5,1021.9,5,1,21.9,22.2,No,No
11/11/2008,15.9,23.1,0,5.2,9.9,W,41,W,E,0,19,66,49,1023.9,1020.9,3,2,20.5,22.3,No,No
11/12/2008,16.4,24.6,0,6.6,10.7,W,41,NNW,ENE,6,22,69,54,1020.1,1017.1,7,1,20.5,24,No,No
11/13/2008,19,24.9,0,8,11.9,W,41,ENE,E,13,19,61,65,1019.3,1016,3,3,23.4,24.2,No,No
11/14/2008,19.2,27,0,10.6,9.1,W,41,ENE,NE,13,22,65,57,1013.8,1010.6,5,5,24.3,26.1,No,Yes
11/15/2008,18.5,23.1,6.6,9.4,2.4,W,41,SSE,SE,17,19,92,73,1013.6,1012.1,8,7,18.6,21.5,Yes,Yes
11/16/2008,17.2,22.4,1.2,3.4,4,W,41,S,SE,20,28,75,64,1016.4,1016.7,7,7,19.1,19.4,Yes,No
11/17/2008,15.5,20.9,0,6.8,1.4,W,41,E,NE,4,15,60,50,1019.8,1017.5,7,7,18.8,20,No,No
11/18/2008,16.2,23.4,0,4,8.3,W,41,NNE,NE,22,24,60,60,1017,1013.7,7,8,20.6,21.6,No,Yes
11/19/2008,17,22.1,6.2,7.8,1,W,41,NNE,E,9,20,91,78,1011.4,1008.2,8,8,18.4,20.9,Yes,Yes
11/20/2008,17.3,27.6,29.4,4.6,7.5,W,41,WNW,N,15,13,70,59,1001.1,997.5,3,5,22,26.7,Yes,No
11/21/2008,16.7,27.7,0.2,7,11.8,W,41,WSW,E,19,31,34,46,1001.2,996.4,1,3,22.1,23.7,No,No
11/22/2008,17.9,20.6,0,10,9.8,W,41,WNW,E,31,19,49,30,990.2,991.4,3,6,20.3,17.2,No,No
11/23/2008,12.2,19.7,0.2,9.8,2.1,W,41,WNW,SSW,19,26,50,55,986.7,991,7,5,13.8,18.4,No,Yes
11/24/2008,13.6,22.3,2.4,5,10.5,W,41,SSW,SSE,19,20,47,49,1003.5,1005.1,1,4,19.7,20.7,Yes,No
11/25/2008,15.5,21.8,0,5.6,9.4,W,41,SSW,SSE,15,24,62,63,1015.6,1015.3,5,3,18.5,19.3,No,No
11/26/2008,16.4,21.8,0,7.6,0.1,W,41,E,E,7,19,55,55,1016.6,1014.1,7,8,18.5,19.2,No,No
11/27/2008,15.9,23.6,0,5,10.5,W,41,NNE,NE,17,26,58,64,1012.7,1008.9,7,1,21.8,22.7,No,No
11/28/2008,19.5,24.6,0.2,7.8,0.7,W,41,NW,N,24,17,71,75,1005,1003.9,8,7,22.9,22.2,No,Yes
11/29/2008,19.3,23.3,10.8,2.6,6.9,W,41,S,S,13,24,92,79,1002.2,1002,7,7,20.3,19.8,Yes,Yes
11/30/2008,15,24.9,11.2,4.8,12.3,W,41,SSW,E,13,19,64,55,1009.9,1007.2,2,1,19.8,21.4,Yes,No
12/1/2008,17.6,31.3,0,7.6,10.9,W,41,ENE,WNW,2,24,29,21,1009.1,1004.6,3,7,24.9,30.8,No,No
12/2/2008,16.6,23.8,0,12,12.9,W,41,W,E,6,26,65,65,1011.1,1007.2,1,1,20.8,23.4,No,No
12/3/2008,18.4,33.2,0,8,8,W,41,W,W,13,19,67,19,1007.7,1005.6,7,5,22.5,32.3,No,No
12/4/2008,18.4,21.8,0,10,2.2,W,41,ESE,E,20,22,59,57,1020.2,1018.5,8,6,19.6,21.5,No,No
12/5/2008,19.3,27,0,4.8,6.7,W,41,N,E,15,24,78,70,1015,1008.6,8,5,20.9,24.1,No,No
12/6/2008,20.8,34.8,0,6.4,9.8,W,41,W,SSE,13,20,57,56,1006.9,1004.1,7,6,27,28.8,No,No
12/7/2008,20,26.1,0,7.6,4.9,W,41,W,SE,11,20,81,78,1007.9,1008.4,8,7,21.1,21.7,No,Yes
12/8/2008,18.2,22.3,6.8,4.4,6.3,W,41,E,E,19,31,74,72,1014.3,1010.9,7,6,20.3,21.9,Yes,Yes
12/9/2008,17.4,25.9,1.8,5.4,9.9,W,41,W,NE,7,17,81,60,1011.2,1006.3,3,6,19.5,24.9,Yes,No
12/10/2008,19.5,23.4,0,9.4,5.2,W,41,S,SSE,35,30,71,66,1007.1,1009.6,3,8,21.9,21.7,No,Yes
12/11/2008,17.2,19.9,3.4,4.6,0,W,41,ESE,ESE,15,26,90,58,1013.8,1015,8,8,17.5,19.7,Yes,Yes
12/12/2008,17.4,24.5,3.6,4,0,W,41,ENE,ENE,13,30,85,92,1015.8,1009.9,8,8,17.6,18.4,Yes,Yes
12/13/2008,17,32.9,28.2,4.8,7.5,W,41,N,W,24,37,82,25,995,990.3,6,4,24.5,32.5,Yes,No
12/14/2008,19.2,25.4,0,12,12.7,W,41,W,WSW,33,44,42,32,996.5,997.4,1,5,21.5,23.9,No,No
12/15/2008,16.7,23.8,0,9.8,12.1,W,41,S,SE,24,20,39,43,1006.8,1007.9,5,1,20.9,22.8,No,No
12/16/2008,15,24.1,0,6.8,13,W,41,NNW,NE,13,20,58,48,1013.1,1010.1,1,1,21,23.4,No,No
12/17/2008,17.7,26,0,9.2,9.6,W,41,WNW,E,6,17,68,73,1011.9,1008,1,6,22.3,23.1,No,No
12/18/2008,19.3,27.4,0,4.8,8.4,W,41,WNW,E,13,17,65,68,1005,1001.2,2,6,23.1,24,No,No
12/19/2008,17.3,26.4,0.6,10.2,12.2,W,41,WNW,SE,7,30,67,58,1005.9,1007.8,2,6,21.6,21.2,No,No
12/20/2008,15.7,20.4,0,10.6,4.6,W,41,S,SSE,26,15,57,69,1019.2,1019.3,5,7,18.4,18.2,No,No
12/21/2008,14.3,22.1,0.4,5.2,12,W,41,NNW,E,2,20,60,50,1022,1019.9,4,1,19.6,21.4,No,No
12/22/2008,15.9,24.1,0,7.2,12.1,W,41,NNE,NE,22,26,56,57,1018.8,1014.8,1,1,22.1,22.9,No,No
12/23/2008,19,26.9,0,10.8,6.5,W,41,E,ENE,11,9,60,56,1009.3,1008.4,6,7,23.8,26,No,No
12/24/2008,18.7,20.7,0.4,4.8,0,W,41,S,SSE,17,6,77,78,1013.3,1012.6,8,8,19.6,19.7,No,No
12/25/2008,16.4,23.3,0,0.8,7.2,W,41,E,E,7,19,73,60,1014.5,1013.5,7,3,20.7,22.8,No,No
12/26/2008,19.1,26,0,4,10,W,41,ESE,NE,4,22,75,71,1013.9,1010.7,7,1,23.1,25.4,No,No
12/27/2008,20.5,27.2,0,7.2,0.7,W,41,E,NE,9,13,79,70,1009,1005,7,8,24.5,26.2,No,Yes
12/28/2008,19.7,28.3,7,6,12.1,W,41,W,E,4,20,72,63,1006.6,1003.2,1,5,23.4,26.5,Yes,No
12/29/2008,20.7,24.9,0,8,7.2,W,41,SSE,SE,28,15,72,68,1004.8,1003.7,2,6,22.6,22.4,No,Yes
12/30/2008,18.2,27.6,2,5.6,10.9,W,41,W,E,9,26,81,72,1004.3,999.3,6,5,20.9,23.8,Yes,No
12/31/2008,19.2,31.5,0,7.4,13.1,W,41,W,E,19,20,37,42,1002.7,1002.4,0,0,24.7,25.3,No,No
1/1/2009,18.4,34.7,0,9.8,12.9,W,41,W,NNW,11,17,73,22,1005.5,1000.7,4,6,22,34.3,No,No
1/2/2009,18.8,22.7,0,11,5.9,W,41,E,ESE,11,33,62,57,1012.8,1013.8,6,7,20.1,20.8,No,No
1/3/2009,17,23,0,9,0.5,W,41,ESE,ENE,13,15,58,49,1021.6,1019.4,8,8,18.8,21.4,No,No
1/4/2009,18.7,24.6,0,5.4,11.3,W,41,NNE,NE,13,31,59,58,1018.6,1015.2,2,1,23,24.1,No,No
1/5/2009,19.5,27.9,0,10,12.2,W,41,ESE,ENE,6,13,66,60,1013.2,1008.9,4,4,23.4,26.2,No,No
1/6/2009,20.2,28.3,0,10,11.8,W,41,SSW,E,11,20,77,64,1011.6,1008,0,0,23.1,25.8,No,No
1/7/2009,20.7,33.1,0,9,9.3,W,41,SSW,E,6,15,72,67,1009.9,1005.1,1,7,23.7,26.1,No,No
1/8/2009,20.4,22.4,0,9.8,0,W,41,SSE,SSE,24,31,78,72,1012.4,1013.4,8,8,21.2,20.1,No,No
1/9/2009,17.2,22.6,0.4,7.6,5.9,W,41,SSE,ESE,22,19,54,47,1020.2,1018.8,7,6,19.2,21.2,No,No
1/10/2009,18.3,23.4,0,7.6,6.1,W,41,ENE,E,17,20,54,53,1017.1,1013.9,7,6,19.7,22.5,No,No
1/11/2009,17.4,24.6,0,6.6,8.7,W,41,NE,ENE,19,31,58,57,1013.8,1011.5,3,1,23.4,23.9,No,Yes
1/12/2009,18.7,26.8,1.2,8.8,11.4,W,41,E,ESE,7,15,71,61,1015.4,1016.4,1,6,23.2,25.6,Yes,No
1/13/2009,19.6,26.2,0.2,4.2,11.1,W,41,ESE,NE,7,26,74,56,1019.5,1016.5,6,0,23.5,25.4,No,No
1/14/2009,20.8,29.7,0,10.2,13,W,41,E,NNE,7,24,67,49,1014.6,1011.2,0,1,25.5,29.1,No,No
1/15/2009,23,33.4,0,14.2,9.4,W,41,ESE,NE,7,19,61,39,1009.1,1006,5,6,28.6,33.1,No,Yes
1/16/2009,18.8,25,1.8,10.2,10.1,W,41,S,E,4,24,69,61,1012.7,1008.8,2,0,21.4,24,Yes,No
1/17/2009,17.7,22.6,0,10.4,6.5,W,41,SSE,SSE,26,28,52,48,1020.5,1020.5,6,3,19,21.6,No,No
1/18/2009,14.8,23.3,0,5.6,12.7,W,41,WNW,E,11,22,62,46,1021.9,1020,1,3,19.5,22.9,No,No
1/19/2009,16.4,25.1,0,11,12.7,W,41,N,NE,15,26,55,57,1019.3,1015,1,5,22.5,23.8,No,No
1/20/2009,20.1,28.7,0,9,12.4,W,41,E,NE,9,22,61,54,1013.7,1010.6,0,1,24.7,27,No,Yes
1/21/2009,21.3,31.1,1.6,12.8,7.4,W,41,W,ENE,11,22,66,55,1011.9,1008.1,3,5,25.7,29.2,Yes,No
1/22/2009,23.4,33.6,1,8,9.8,W,41,NNW,NNW,15,26,52,45,1008.9,1005.5,5,5,27.8,32.7,No,No
1/23/2009,25,31.7,0,14.2,11.9,W,41,ESE,E,9,19,59,58,1009.2,1007.6,1,2,29.5,29.1,No,No
1/24/2009,24.8,40.9,0,10.6,11.1,W,41,NW,W,11,26,55,20,1004.8,1002.8,6,2,31.5,40.1,No,No
1/25/2009,20.5,25.9,0,13.6,6.8,W,41,SE,ESE,15,17,57,51,1019.5,1018.3,7,5,21.9,24.7,No,No
1/26/2009,20.8,26.8,0,6.8,1.2,W,41,S,S,9,15,80,72,1019.3,1019.1,8,7,21.9,25.3,No,Yes
1/27/2009,20.2,23.9,14.2,1.8,1.7,W,41,S,SSE,9,7,95,93,1021.1,1019.9,8,8,20.8,22.4,Yes,Yes
1/28/2009,19.9,27.1,4.4,1.8,12.3,W,41,N,NE,4,22,78,60,1018.5,1016,6,1,23.7,26.6,Yes,No
1/29/2009,21.2,28.3,0,8.6,12.5,W,41,E,NE,4,26,73,67,1018.6,1016.5,1,1,25.2,27.5,No,No
1/30/2009,21.1,28.2,0,10.2,13,W,41,E,NE,4,24,72,59,1018.7,1015.8,1,0,24.6,27.5,No,No
1/31/2009,21.8,29.1,0,10.6,11.5,W,41,ENE,NE,7,19,76,54,1017.5,1014.2,2,3,25,29,No,No
2/1/2009,21.2,28.1,0,9.2,11.1,W,41,E,ESE,13,17,71,66,1016.1,1016.2,1,5,24.9,26.9,No,No
2/2/2009,22.9,28.3,0,6.4,9.8,W,41,ESE,NE,4,24,79,63,1016.3,1012.2,6,2,24.8,27.1,No,No
2/3/2009,21.8,28,0,10.8,7.5,W,41,W,SE,0,19,63,60,1010.8,1010,7,4,25.4,27.9,No,No
2/4/2009,21.6,27.3,0.4,7,7.1,W,41,S,E,6,17,84,71,1011.6,1009.4,7,5,23.2,26.2,No,No
2/5/2009,22.2,29.2,0,6.6,12.2,W,41,E,NE,6,22,73,58,1009.1,1005.9,1,1,26,28.9,No,No
2/6/2009,21.9,29.5,0,9.8,10.8,W,41,E,ENE,6,11,75,64,1010.9,1008.4,3,1,25.5,27.4,No,No
2/7/2009,21.8,33.5,0,10.4,11.8,W,41,E,NNE,9,31,68,34,1013.3,1010.6,0,1,25.6,32.2,No,No
2/8/2009,21.4,28.6,0,14.2,12.2,W,41,E,ENE,9,17,69,53,1010.8,1007.5,0,1,24.2,28.1,No,No
2/9/2009,20.9,22.5,0,9,0,W,41,S,S,20,17,84,81,1011.9,1011.7,8,8,21.2,20.6,No,Yes
2/10/2009,17.9,19.4,3.4,1.6,0,W,41,SSW,SSW,6,19,94,89,1011.9,1010.1,8,8,18.2,18.7,Yes,Yes
2/11/2009,16.7,23,5.6,2.2,1.5,W,41,SSW,S,26,20,77,61,1011.1,1011.2,7,7,17.7,23,Yes,No
2/12/2009,17.5,22,0.6,4,1.1,W,41,SSW,SSE,19,31,76,56,1017.5,1018.7,7,8,18.9,21.4,No,Yes
2/13/2009,16.4,20.4,23.2,5.4,0,W,41,SE,SE,24,24,86,90,1025.4,1025,8,8,18,17.9,Yes,Yes
2/14/2009,17,21.2,19.6,4.4,0,W,41,ESE,ESE,30,19,66,67,1022.9,1019.2,8,8,19.1,20.4,Yes,Yes
2/15/2009,16.5,23.3,25.6,2.4,0.2,W,41,SSE,SE,19,22,88,66,1014.7,1013.9,8,8,19.4,23.1,Yes,Yes
2/16/2009,18.6,25,16.4,4.8,6.4,W,41,SE,SE,19,24,82,62,1017.6,1017.8,7,7,20.3,22.6,Yes,Yes
2/17/2009,19.4,22.9,3.8,7.4,0,W,41,SE,SE,9,17,70,71,1017,1015.4,8,8,20.8,22,Yes,Yes
2/18/2009,19.4,26.6,24.6,3.2,7.1,W,41,W,S,19,15,93,62,1010.2,1008.1,8,6,20.2,25.7,Yes,Yes
2/19/2009,18.9,28.4,1.4,3.6,11.4,W,41,NNW,E,19,20,74,60,1008,1005,2,5,23.1,27.5,Yes,No
2/20/2009,20.3,26.1,0,7.8,9.6,W,41,W,E,2,19,78,68,1011.6,1010.2,5,3,22.4,25.1,No,No
2/21/2009,21.9,24.4,0,6.4,0.3,W,41,W,E,0,11,85,68,1013.3,1013.2,8,8,22.5,23.6,No,Yes
2/22/2009,20.3,24.9,2.2,2.4,6.3,W,41,SSE,E,13,13,70,59,1018.5,1017.6,7,4,21.7,24.4,Yes,No
2/23/2009,19.6,27,0,4.6,5.3,W,41,W,ENE,0,15,78,63,1016.9,1013,7,5,22.6,26.5,No,No
2/24/2009,19.9,30.5,0.8,5.4,10.7,W,41,W,SE,11,15,82,57,1014.1,1013.2,0,1,23,28.2,No,No
2/25/2009,21.1,26.4,0,7,7,W,41,S,ESE,4,20,83,63,1016.7,1014.6,7,5,22,26.1,No,No
2/26/2009,19.6,24.6,0,7.6,6.8,W,41,S,S,11,20,74,58,1020.4,1018.7,8,5,20.7,23.6,No,No
2/27/2009,17.5,23.5,0,6,5.6,W,41,W,E,13,11,78,50,1018.2,1015.9,7,4,18.9,23.2,No,No
2/28/2009,17.5,25.4,0,4.8,5.6,W,41,N,E,7,20,70,61,1009.5,1006.9,7,4,20.7,24.1,No,No
3/1/2009,20.5,25.7,0,6.8,10,W,41,E,E,9,19,70,60,1010.7,1010.8,8,6,23.1,24.8,No,No
3/2/2009,21.8,25.5,0,6,9,W,41,W,E,0,17,71,60,1016.6,1015.2,7,5,22.8,25.1,No,No
3/3/2009,20.8,26.9,0,6.8,6.9,W,41,ENE,ENE,19,20,61,55,1018,1015.2,7,7,24.1,25.6,No,No
3/4/2009,22.5,25.1,0,7.6,0.5,W,41,E,SW,4,13,73,49,1008,1008.5,7,7,24.2,22.9,No,No
3/5/2009,16.8,24.6,0,5,11,W,41,W,SE,30,20,39,37,1009.5,1008.6,1,1,19.3,24.2,No,No
3/6/2009,14.4,23.6,0,7.8,9.8,W,41,W,ESE,15,19,67,48,1013.4,1011.4,1,1,17.8,22.5,No,No
3/7/2009,17.7,26.3,0,4.8,9.2,W,41,SW,ESE,11,19,77,58,1014.2,1011.8,3,1,20.5,25.8,No,No
3/8/2009,20.2,25.3,0,5,4.1,W,41,SSW,S,11,19,80,77,1017.8,1018.7,5,7,22.2,22,No,Yes
3/9/2009,18.2,24.5,36.8,2,4.4,W,41,SW,E,6,13,94,69,1022.2,1020.4,7,7,19.1,23.6,Yes,No
3/10/2009,19.1,24.5,0.6,3.6,6.7,W,41,ENE,E,17,20,66,53,1022,1021.3,6,5,22.8,24.3,No,No
3/11/2009,20.2,23.4,0,6.2,1.8,W,41,ESE,E,17,24,59,70,1023.8,1022.7,3,7,23.3,22.3,No,Yes
3/12/2009,18.2,25.3,1.2,5,9.8,W,41,W,E,4,22,87,57,1022.9,1020.4,2,2,20.3,24.7,Yes,No
3/13/2009,19.6,25.5,0,6.4,2.2,W,41,W,NW,7,2,85,76,1018.6,1016.2,7,7,21.1,23.9,No,No
3/14/2009,19.9,27.2,0,4,6.4,W,41,NE,ENE,2,20,82,64,1014.7,1010.1,3,6,22.3,26.8,No,Yes
3/15/2009,19.2,27.4,17,8.4,6.6,W,41,WNW,E,6,15,81,61,1010.7,1007.8,2,3,21.7,25,Yes,No
3/16/2009,16.1,26.8,0.4,6.8,10.8,W,41,W,E,17,22,42,29,1011.7,1008.2,1,0,18.7,26.7,No,No
3/17/2009,15.9,25.7,0,6.1,11,W,41,W,SE,20,19,47,48,1013.4,1012.5,1,1,18.8,23.9,No,No
3/18/2009,17.1,24.5,0,5.4,10.1,W,41,WNW,ENE,11,17,72,52,1019,1016.1,1,1,20.1,24.3,No,No
3/19/2009,17.5,27.7,0,6,9.7,W,41,W,E,13,13,76,67,1016.7,1013.7,2,7,20.6,24.9,No,No
3/20/2009,19.9,26.1,0,6.2,8.6,W,41,W,E,0,17,80,69,1017.4,1016.6,2,1,23.5,25.3,No,No
3/21/2009,19.6,25.3,0,6.2,8.7,W,41,W,E,6,17,83,58,1018.9,1017.2,4,2,22.1,24.9,No,No
3/22/2009,17.6,26.7,0,5.6,8.4,W,41,W,NE,11,19,82,58,1017.9,1015.1,1,5,20.4,25,No,No
3/23/2009,19.5,25.7,0.2,8,10.2,W,41,NE,NE,7,17,66,61,1017.1,1015.1,5,4,23.1,25.6,No,No
3/24/2009,20.5,26.1,0,5.8,10.8,W,41,NNE,NE,6,19,67,59,1017.9,1016.3,1,3,23.6,25.9,No,No
3/25/2009,20.8,26,0,7,8,W,41,NNE,E,4,17,69,60,1019.7,1017.5,4,4,23,25.2,No,Yes
3/26/2009,20.5,26.6,1.4,5.2,7.6,W,41,NE,ENE,2,17,72,56,1019.4,1016.7,4,6,23.8,25.7,Yes,No
3/27/2009,20.6,23.5,0.4,5.8,4.8,W,41,SSE,SSE,17,26,69,59,1023.9,1023.7,7,6,22,22.5,No,No
3/28/2009,16.4,23.5,0,4.4,10.8,W,41,WNW,E,9,17,85,49,1025.4,1023.2,3,1,17.9,23,No,No
3/29/2009,16.1,24.4,0,6.6,9.4,W,41,WNW,E,9,19,77,66,1023.6,1021.7,5,5,18.9,23,No,No
3/30/2009,18.6,26.2,0,4,6.7,W,41,ESE,SE,7,22,66,65,1024.1,1022.3,2,6,22.9,24.7,No,Yes
3/31/2009,19.8,22.5,2.6,6,0,W,41,SE,E,20,26,86,89,1021.8,1020.4,8,8,21.1,19.9,Yes,Yes
4/1/2009,18.4,24.7,46,5,2.3,W,41,ESE,ESE,28,30,93,73,1021.1,1021,8,7,20.5,23.9,Yes,Yes
4/2/2009,19.6,24.7,11.4,3.8,2.4,W,41,ESE,ESE,22,17,87,79,1023.3,1021.8,8,7,21.9,23.8,Yes,Yes
4/3/2009,20.1,25.1,5,2.6,7.9,W,41,W,ENE,0,24,92,73,1021.1,1016.9,6,5,21.4,24.4,Yes,Yes
4/4/2009,18.3,20.8,3,4.2,1.4,W,41,S,SSE,24,28,84,58,1017.7,1019.2,7,8,18.4,20.1,Yes,No
4/5/2009,17.1,22.8,0,5.6,8,W,41,W,NE,9,20,72,67,1020.1,1014.4,7,5,19.1,21.5,No,No
4/6/2009,17,21.1,0.2,3.4,6.9,W,41,S,SSE,30,26,69,59,1020.5,1019.6,7,3,19.5,19.4,No,No
4/7/2009,16.3,21.3,0.2,5.8,7.7,W,41,S,SE,11,24,67,55,1025.6,1024.4,7,3,18.8,20.1,No,No
4/8/2009,12.8,22.4,0,5.6,9.3,W,41,W,SE,11,22,66,59,1026.9,1024.9,2,4,18.7,21.3,No,No
4/9/2009,15.1,23.2,0,2.8,8.4,W,41,WNW,E,9,19,72,58,1025.5,1022.3,1,3,19.6,21.8,No,No
4/10/2009,14.7,22.7,0,4,8.3,W,41,W,E,15,9,81,65,1023.6,1021,5,4,18.4,22.4,No,No
4/11/2009,17.4,23.8,0,3.2,0.8,W,41,W,ENE,0,9,80,69,1025.4,1023,7,7,19.8,23,No,No
4/13/2009,20.4,22.6,0,3.6,0.1,W,41,SE,S,15,7,79,84,1022.5,1019.3,8,8,21.6,20.9,No,Yes
4/14/2009,17.6,26.9,48,4.8,7.8,W,41,W,E,19,20,89,70,1015.1,1011.2,6,5,19.2,23.1,Yes,No
4/15/2009,16.1,29.3,0.2,5,10,W,41,W,NW,11,20,70,25,1011.1,1006.9,0,1,20.5,29,No,No
4/16/2009,14.9,24.1,0,10,9.8,W,41,W,E,15,15,43,38,1015.2,1011.7,0,1,17.4,22.6,No,No
4/17/2009,13.5,24.1,0,4.8,10.3,W,41,WNW,S,13,19,56,51,1016.3,1015.9,0,1,18.4,22.5,No,No
4/18/2009,14.2,22.8,0,5.2,7.9,W,41,WSW,S,11,28,66,56,1020,1018.1,1,5,18.3,20.9,No,Yes
4/19/2009,15.8,22.5,13.4,3.4,8.3,W,41,SSW,S,20,17,91,62,1019.9,1017.9,7,6,16.1,21.7,Yes,Yes
4/20/2009,15.9,21.4,9,7,2.9,W,41,SSE,S,26,24,60,59,1020.7,1018.9,7,7,19.5,19.7,Yes,No
4/21/2009,16.4,22.1,0.6,5.4,5,W,41,ESE,S,33,15,59,64,1022.8,1021.3,5,7,20.5,20.1,No,Yes
4/22/2009,16,22.7,6.8,3.4,7.7,W,41,SW,S,9,17,85,65,1024.3,1022.5,7,7,17.2,20.1,Yes,Yes
4/23/2009,14.7,21.6,2,4.2,6.3,W,41,WNW,ENE,15,7,87,60,1021.8,1018.2,3,5,16.9,20,Yes,No
4/24/2009,13.1,24.7,0,2,9,W,41,NNW,E,9,11,75,63,1012.7,1006.6,6,7,17.4,22.6,No,No
4/25/2009,16.3,23.9,0.4,5.4,10.3,W,41,NW,W,11,22,52,40,1004.4,1002.4,1,3,19.3,22.2,No,No
4/26/2009,16.7,20.2,0,6.8,9.2,W,41,WNW,WNW,20,28,47,29,1003.1,1003.1,2,2,17.7,19.5,No,No
4/27/2009,11.2,18.7,0,7.2,9.9,W,41,W,WNW,28,24,43,26,1013,1012.7,1,2,14.1,17.9,No,No
4/28/2009,11.8,21.9,0,4,10.5,W,41,W,W,19,26,54,30,1015.5,1014.9,1,2,16.1,20.5,No,No
4/29/2009,10.2,17.6,0,4.6,2.4,W,41,WNW,S,20,22,59,63,1022.3,1019.5,7,7,12.6,16.6,No,Yes
4/30/2009,11,17.4,6.2,2.4,2.7,W,41,W,WSW,17,4,92,88,1020.5,1020.4,7,7,12.8,14.1,Yes,Yes
5/1/2009,10.2,22.5,5.6,3,10.3,W,41,W,E,17,11,76,53,1024.6,1020.9,3,5,13,20.7,Yes,No
5/2/2009,10.9,22,0,2.2,9.4,W,41,W,S,22,22,61,56,1025.1,1022.7,1,2,14,20.8,No,Yes
5/3/2009,11.4,20.5,13,3.6,7,W,41,W,SE,7,6,85,61,1027.8,1025.5,4,2,12.8,20.4,Yes,No
5/4/2009,12.1,23.3,0,3.2,10,W,41,W,E,19,15,84,53,1028.5,1025.5,1,1,14.5,21.6,No,Yes
5/5/2009,14,21,1.2,1.8,4.2,W,41,W,S,13,19,86,61,1030.7,1028.3,7,5,14.7,20.5,Yes,No
5/6/2009,12.9,22.9,0.8,3.2,9.7,W,41,W,ENE,11,17,92,61,1028.3,1023.7,2,1,14.1,20.7,No,No
5/7/2009,12,22.7,0,4,10.2,W,41,W,SSE,20,17,67,44,1024.3,1021.7,1,1,15,21.6,No,No
5/8/2009,12.3,20.9,0,2.6,9.5,W,41,W,S,20,24,71,61,1027.5,1025,1,2,14.9,19.6,No,No
5/9/2009,11.1,22.8,0,4.4,9.8,W,41,W,E,19,9,74,46,1024.2,1020.4,1,1,13.4,21,No,No
5/10/2009,13,20.1,0.8,3.4,3.4,W,41,SSW,SSE,11,17,86,46,1024.6,1023.6,7,5,13.9,19.6,No,Yes
5/11/2009,11.8,18.9,1.4,3.4,6.4,W,41,W,SW,15,2,74,55,1025.2,1022.4,6,5,14.3,17.4,Yes,No
5/12/2009,9.6,20.1,0,2.6,5.5,W,41,W,S,19,11,78,51,1021.6,1018.1,1,6,12,18.5,No,No
5/13/2009,10.4,21.3,0,1.6,9.7,W,41,W,WNW,22,11,80,39,1016.8,1012.8,1,1,12.4,20.9,No,No
5/14/2009,11.1,21.5,0,2.6,10.1,W,41,NW,W,17,35,50,31,1012.6,1010.6,1,1,15.2,20.5,No,No
5/15/2009,12.4,21.7,0,6.2,8.7,W,41,W,W,15,30,58,34,1012.8,1009.7,1,2,14.2,21.4,No,No
5/16/2009,14.2,21.7,0,5,7.8,W,41,W,WSW,24,30,49,38,1008.2,1008.1,7,7,18.7,21.7,No,No
5/17/2009,11.4,20.7,0,4.8,9.7,W,41,W,SE,15,15,64,40,1018.7,1017.7,1,1,13,19.6,No,No
5/18/2009,10.5,20.9,0,2.6,5.2,W,41,W,ESE,19,17,74,52,1025.7,1023.3,3,5,13.2,19.7,No,Yes
5/19/2009,13,21.4,2.6,2.4,4.4,W,41,W,E,15,20,91,53,1024.5,1021.4,6,6,14.5,20,Yes,Yes
5/20/2009,14.5,21.2,20.2,4.4,3,W,41,E,ESE,33,31,68,62,1022.1,1020.1,7,7,19.2,20.4,Yes,Yes
5/21/2009,14.8,19.7,27.2,1.8,0.2,W,41,W,E,15,19,53,62,1023.9,1022,7,7,19.2,18.7,Yes,Yes
5/22/2009,15.6,19.6,4.6,6.6,0,W,41,W,E,15,19,59,85,1023.6,1020.8,8,8,19.1,17.5,Yes,Yes
5/23/2009,15.4,20.8,17.6,5,6,W,41,W,E,15,19,66,80,1023.6,1023.3,5,8,19.6,18.1,Yes,Yes
5/24/2009,17.4,21.3,1.6,4.4,7.4,W,41,W,E,15,19,52,48,1026.8,1025.4,5,5,19.7,20.7,Yes,No
5/25/2009,13.6,20.3,0,3.6,2.2,W,41,W,E,15,19,82,61,1025.8,1023.2,7,7,15.4,19.4,No,No
5/26/2009,12.8,23.4,0,0.6,8.4,W,41,W,E,15,11,89,57,1022.3,1018.9,1,1,13.9,21.6,No,No
5/27/2009,13.9,16.9,0,3,0.1,W,41,W,W,15,6,88,86,1020.4,1018.4,7,8,15.3,16.3,No,Yes
5/28/2009,12,19.2,3.6,0.4,7.7,W,41,W,S,17,22,92,72,1021.4,1020.2,3,5,13.5,17.1,Yes,No
5/29/2009,11.4,17.5,0,2.4,6.1,W,41,W,S,20,26,65,65,1023.3,1022.3,3,7,12.4,16.6,No,Yes
5/30/2009,9.9,16.5,15,4.6,4,W,41,W,SSW,19,13,82,78,1028.2,1027.1,8,6,11.7,15.9,Yes,Yes
5/31/2009,11.6,18.8,10.6,1.2,2.8,W,41,E,E,24,24,86,67,1033.3,1031.9,6,7,14.5,16.8,Yes,No
6/1/2009,13.1,16.8,0.6,3,0,W,41,W,E,17,2,83,67,1032.9,1030.4,7,8,13.3,16.1,No,No
6/2/2009,12.5,19.1,0,1.2,3.4,W,41,WNW,ENE,13,15,91,68,1030.1,1027.1,7,7,13.7,18.5,No,Yes
6/3/2009,13.7,18.5,8,2.8,0.1,W,41,SE,E,6,19,89,87,1025.9,1022.3,8,7,16,17.6,Yes,Yes
6/4/2009,13.1,17,10.4,0,0.6,W,41,W,ENE,15,2,97,86,1020.7,1016.8,7,7,13.4,16.8,Yes,No
6/5/2009,13.1,18.5,0.6,1,3.5,W,41,W,W,17,15,93,55,1014.7,1012.4,4,6,14.5,18.4,No,No
6/6/2009,9.3,19,0,2.2,9.8,W,41,W,WNW,17,7,71,45,1014.1,1010.1,1,1,11.6,18.7,No,No
6/7/2009,10.7,19.8,0.2,3.8,6.6,W,41,NW,WNW,13,19,80,42,1008.2,1004.8,6,3,12.6,18.7,No,No
6/8/2009,11.4,19.2,0,3.2,9,W,41,NNW,W,13,22,63,34,1009.8,1007.3,2,2,13.8,18.6,No,No
6/9/2009,10,16.2,0,2.6,6,W,41,W,WNW,17,22,62,44,1011.5,1008.3,3,7,11.7,15,No,No
6/10/2009,9.7,14.2,0,4.4,9.6,W,41,W,WSW,35,31,37,32,1012.2,1012.5,1,1,10.5,13.6,No,No
6/11/2009,6.1,15.8,0,4,9.8,W,41,W,W,26,22,48,28,1020.9,1018.2,1,1,7.9,15.4,No,No
6/12/2009,6.2,17.1,0,3,9.4,W,41,W,W,22,4,67,41,1024.3,1020.2,1,7,8.2,17.1,No,No
6/13/2009,7.8,18.5,0,2.6,4.6,W,41,W,WNW,9,7,70,40,1017.7,1014,7,7,9.4,16.8,No,No
6/14/2009,9.4,15.6,0,3.4,0.3,W,41,W,NNE,6,2,74,61,1014.5,1011.9,7,7,11,14.4,No,Yes
6/15/2009,8.2,19.8,1.2,0.8,8.6,W,41,W,SSW,15,7,79,40,1013.1,1010.6,1,3,10.2,18.4,Yes,No
6/16/2009,9.2,16.3,0.6,3,0.5,W,41,SW,S,17,19,81,88,1017.9,1020.1,6,7,13.1,13.6,No,Yes
6/17/2009,10.5,15.6,29.8,0.8,3.3,W,41,W,WSW,19,6,92,87,1027.6,1026.5,7,6,11.2,14.2,Yes,Yes
6/18/2009,10.1,15.4,7.8,1,3.3,W,41,W,E,11,9,95,85,1030,1028.1,7,7,10.7,14.2,Yes,Yes
6/19/2009,9.2,18,23.6,1.4,7.2,W,41,ENE,E,11,19,95,46,1030.2,1028,6,5,10.9,17.8,Yes,No
6/20/2009,10.9,16,0.2,3.8,0.6,W,41,W,NNE,15,11,95,87,1028,1024.6,6,8,11.7,15.5,No,Yes
6/21/2009,11.7,19.1,31.8,0.6,1.9,W,41,W,NE,4,11,93,82,1023.9,1020.7,7,7,14.1,17.8,Yes,Yes
6/22/2009,14.1,21,12.2,1.8,6.7,W,41,WNW,NE,9,4,96,59,1020.3,1017.7,7,2,15.1,20.6,Yes,No
6/23/2009,10.1,19.6,0,1.6,9.5,W,41,W,E,13,11,91,58,1019.9,1016.7,1,1,11.2,18.8,No,No
6/24/2009,9.1,18.9,0,1.4,6.3,W,41,NNW,E,7,7,86,49,1015.2,1010.7,7,1,10.7,18.6,No,No
6/25/2009,8.7,16.9,0,2.2,6.5,W,41,WNW,WNW,13,13,69,50,1014.6,1012.2,6,7,11.9,15.8,No,No
6/26/2009,8.7,18.6,0,1.8,8.8,W,41,W,ENE,15,11,76,51,1012.7,1009.2,3,7,10.7,16.6,No,No
6/27/2009,9.4,15.8,0,2.2,0.2,W,41,WNW,N,7,9,84,79,1008.1,1005.4,7,7,10.4,15.1,No,No
6/28/2009,10.4,18.7,0,2.2,5.3,W,41,W,WNW,11,7,86,54,1006.3,1004.5,4,6,12.4,17.5,No,Yes
6/29/2009,9.6,20.7,2.8,2,9.8,W,41,W,W,17,7,67,47,1012.3,1010.3,1,1,12.3,20.4,Yes,No
6/30/2009,12.3,19.9,0,1.4,2.2,W,41,NNW,NNW,28,24,66,54,1013.2,1008.2,7,3,15.6,19.1,No,No
7/1/2009,15.7,21.2,0,4,8.6,W,41,W,W,7,28,61,27,1005.8,1004.1,1,1,16.5,20.5,No,No
7/2/2009,11,18.9,0,4.8,8.4,W,41,NNW,W,13,33,55,32,1007.9,1006.4,1,1,13,17.8,No,No
7/3/2009,11.1,16.2,0,5.6,9.4,W,41,W,W,44,37,50,41,1003.5,1004,1,4,12.3,14.5,No,No
7/4/2009,8.5,17.1,0,3.8,9.8,W,41,W,W,15,30,59,34,1012.5,1011.1,1,1,10.1,16.7,No,No
7/5/2009,10.1,18.1,0,3,9.8,W,41,W,S,20,11,54,32,1016.4,1016.4,2,1,11.8,17.2,No,No
7/6/2009,6.2,15.7,0,3,6.5,W,41,W,WSW,19,7,74,48,1020.8,1017.8,6,6,7.5,14.8,No,No
7/7/2009,7.5,15.1,0.6,2.6,3.9,W,41,W,SSW,19,19,81,60,1025,1024.1,6,7,9,14.7,No,Yes
7/8/2009,8.6,16.8,13.8,2.6,3.2,W,41,WNW,ESE,15,4,96,61,1029.6,1028.2,7,6,10.5,15.4,Yes,Yes
7/9/2009,9.1,17.6,6.2,0.4,4.4,W,41,WNW,ESE,13,30,96,63,1030.9,1028.5,7,5,10.3,16.2,Yes,Yes
7/10/2009,9.5,18.6,8.8,1.8,8.4,W,41,W,SSE,13,20,97,65,1028.1,1024.7,5,6,10.8,16.8,Yes,No
7/11/2009,9.1,16.4,0,2,3.6,W,41,W,ENE,13,13,94,58,1022.6,1018.6,7,7,10.3,15.8,No,No
7/12/2009,10.3,16.8,0,1.4,2.3,W,41,W,N,9,26,80,56,1014.6,1009.4,7,6,11.8,16.7,No,No
7/13/2009,11.6,17.4,0.2,2.4,2.8,W,41,W,N,9,7,67,53,1007.5,1005.9,6,6,14.5,16.8,No,No
7/14/2009,10.2,17.2,0,3.2,9.7,W,41,W,WNW,15,28,68,34,1007.4,1004.4,1,1,12.1,16.8,No,No
7/15/2009,6.7,17.3,0,2.6,6.9,W,41,W,NW,17,7,79,42,1010.1,1008.2,3,4,8.9,17,No,No
7/16/2009,8.1,16.5,0,2,2.5,W,41,W,SW,24,22,78,47,1012.3,1010.3,6,7,9.2,14.5,No,Yes
7/17/2009,9.2,15.8,7,3.2,4.5,W,41,W,SSW,20,22,80,59,1019.2,1019.2,3,6,10.7,15.1,Yes,No
7/18/2009,8,18.6,0,3,9.8,W,41,W,WNW,15,6,84,42,1022.5,1018.4,1,1,9,18.4,No,No
7/19/2009,8,19.9,0,2.2,9.4,W,41,W,WNW,9,11,66,37,1021.1,1019.2,2,1,10.2,19.5,No,No
7/20/2009,8.2,21.3,0,2.6,10,W,41,W,N,15,13,72,34,1025.1,1020.4,0,0,10.3,21.2,No,No
7/21/2009,8.8,23.4,0,5.4,10,W,41,W,E,15,11,68,43,1021.2,1015.7,0,1,11.2,21.3,No,No
7/22/2009,11.2,24.7,0,4.8,8,W,41,NW,NNW,15,24,54,39,1011.5,1005.4,2,4,19.7,24,No,Yes
7/23/2009,11.4,18.3,3.6,5.6,8.1,W,41,NNW,SSW,4,19,62,42,1012.7,1014.5,1,4,13.6,16.4,Yes,No
7/24/2009,8.4,17.5,0.6,2.2,9.4,W,41,W,E,20,9,62,51,1026,1024.6,1,2,9.9,16.1,No,No
7/25/2009,7.6,18.6,0,1.8,9.9,W,41,W,ENE,15,17,81,54,1026.1,1022.1,0,1,8.9,15.5,No,No
7/26/2009,8.9,15.3,0,5.8,0.3,W,41,W,W,4,9,83,68,1019.1,1014.2,7,8,9.9,14.1,No,Yes
7/27/2009,8.3,18.9,12.2,0.4,9,W,41,W,WSW,19,17,72,34,1016.3,1015.4,1,1,10.5,18.8,Yes,No
7/28/2009,8.1,18.7,0,3.6,10,W,41,W,WSW,11,20,63,38,1022.5,1020.2,1,1,11.2,17.9,No,No
7/29/2009,9.5,19.5,0,2.2,9.1,W,41,WNW,WSW,17,9,61,41,1024.3,1022.3,1,5,11.3,18.7,No,No
7/30/2009,8.5,18.9,0,4,9.5,W,41,W,W,22,15,65,39,1024.4,1019.3,1,1,10.7,18.7,No,No
7/31/2009,9.2,19.7,0,3,8.5,W,41,NNW,W,9,22,66,38,1020,1017.9,5,2,12.8,18.4,No,No
8/1/2009,9.2,19.2,0,3.8,10.2,W,41,W,WNW,20,11,60,33,1025.4,1021.4,0,1,11.5,18.8,No,No
8/2/2009,7.9,19.2,0,4,10.1,W,41,W,E,20,13,63,46,1027.7,1022.7,1,1,10.2,17.3,No,No
8/3/2009,8.3,20.5,0,4,8.8,W,41,WNW,W,13,22,58,29,1020.3,1019.6,3,6,13.4,19.9,No,No
8/4/2009,10,19.8,0,3.2,5.1,W,41,W,W,11,13,70,33,1021.7,1017.4,7,3,11.7,18.2,No,No
8/5/2009,7.6,19.3,0,2.8,9.9,W,41,W,ESE,17,15,69,40,1022.8,1020.4,4,1,10.5,17.5,No,No
8/6/2009,8,19.5,0,2,9.2,W,41,W,NE,13,15,73,55,1023.6,1019.2,7,3,11.2,17.6,No,No
8/7/2009,11,23.5,0,4.8,8.9,W,41,NNW,WNW,22,24,47,21,1015.8,1009.4,3,4,15.4,23.2,No,No
8/8/2009,7.8,16.8,0,6.4,9.9,W,41,W,S,22,17,46,41,1023.4,1020.8,2,1,9.8,15.9,No,No
8/9/2009,5.9,16.8,0,2.6,8.4,W,41,W,E,17,15,70,55,1020.8,1017.9,3,4,8.5,16,No,No
8/10/2009,6.8,16.3,0,1.8,4.1,W,41,WNW,E,11,15,77,59,1019.8,1017,7,8,9.1,15.7,No,No
8/11/2009,9.1,16.8,0,1.2,2.4,W,41,W,N,13,13,81,64,1016.3,1012.5,7,6,11.7,16.3,No,Yes
8/12/2009,8.9,19.8,4.2,1.6,9.7,W,41,W,WNW,19,11,77,32,1012.6,1009.4,4,4,11.9,19.6,Yes,No
8/13/2009,9,21,0,5.4,10.2,W,41,W,WSW,9,19,63,35,1014.1,1011.7,0,1,12.8,20.5,No,No
8/14/2009,10.8,21,0,3,9.9,W,41,W,E,20,17,61,62,1019.1,1016.5,3,1,14,17.9,No,No
8/15/2009,8.7,22.1,0,3.2,10.5,W,41,WNW,WNW,13,9,77,35,1019.6,1016.2,0,0,11.1,22.1,No,No
8/16/2009,9.4,25.7,0,2,10.2,W,41,W,NE,6,19,66,27,1015.7,1009,1,2,13,25.2,No,No
8/17/2009,13,22.9,0,8,10.2,W,41,W,SW,22,13,37,20,1013.4,1013.7,0,1,18.5,22.7,No,No
8/18/2009,9,18.9,0,6.2,10.4,W,41,W,E,19,15,48,45,1028,1026.3,1,1,12.1,17,No,No
8/19/2009,7.8,17.9,0,4.2,10.4,W,41,WNW,NE,13,20,70,50,1027.7,1023.2,0,1,10.8,17.5,No,No
8/20/2009,9.9,21.1,0,2.8,4.9,W,41,W,E,13,13,74,58,1019.5,1014.2,7,2,12.2,19,No,No
8/21/2009,11.1,25,0,4,4.8,W,41,N,NNE,13,20,47,33,1009.2,1002.1,2,6,18.4,25,No,No
8/22/2009,14.5,20.8,0,7,6.3,W,41,SSW,ENE,7,17,51,47,1012.7,1009.9,7,2,15.3,17.9,No,No
8/23/2009,13.3,25.1,0,3.6,10.2,W,41,W,ENE,13,17,64,51,1012,1007.8,1,2,17,22.3,No,No
8/24/2009,17,23.9,0,5.6,3.5,W,41,W,NW,26,19,47,59,1006.1,1005.9,2,8,23.3,18.9,No,Yes
8/25/2009,15.6,20.2,1.6,5,10.5,W,41,W,WNW,31,22,29,26,1007.1,1006.8,1,1,15.8,19.5,Yes,No
8/26/2009,12,21.6,0,8.4,10.9,W,41,WNW,WNW,13,24,32,20,1013.1,1010.8,0,0,15.1,21.3,No,No
8/27/2009,11.3,20.9,0,6,11,W,41,E,NE,4,17,44,37,1017.6,1013.5,0,0,16,20.4,No,No
8/28/2009,10.6,24.8,0,3.2,10.2,W,41,W,NE,2,17,44,21,1016.4,1013.1,0,1,17.2,22,No,No
8/29/2009,14.8,25.7,0,9.2,5.2,W,41,NNW,NE,20,15,51,59,1008.9,998.9,8,4,16.6,20.4,No,No
8/30/2009,13.7,19.5,0.2,9.2,10.9,W,41,W,W,30,30,34,23,1011.4,1010.6,1,1,13.9,18.8,No,No
8/31/2009,9.2,21.5,0,6,10.9,W,41,WNW,W,20,13,40,30,1017.4,1014,1,1,14.7,21.4,No,No
9/1/2009,11.1,22,0,4.2,10.7,W,41,W,ESE,13,19,49,36,1021.6,1019.6,1,1,16.1,19.2,No,No
9/2/2009,9.7,18.7,0,3.8,10.9,W,41,WNW,E,11,19,60,58,1024.7,1021.8,0,1,14.4,17.7,No,No
9/3/2009,12,21.1,0,4.6,4.7,W,41,W,W,11,11,80,84,1020.7,1018.9,3,8,15.2,16.3,No,Yes
9/4/2009,14.7,25.3,6,1.8,6.9,W,41,W,WNW,11,13,81,43,1014.8,1010,7,5,16,25,Yes,No
9/5/2009,14.7,21.2,0,6.4,10.2,W,41,WSW,ESE,19,17,36,35,1016.1,1015.1,2,1,18.2,19.8,No,No
9/6/2009,10.4,18.2,0,3.8,10,W,41,W,ENE,13,26,53,58,1018.9,1014,3,1,14.4,17.7,No,No
9/7/2009,13.5,19.9,0,5.4,2.1,W,41,W,NE,17,28,74,57,1008.5,1000.8,7,6,14.6,19.1,No,Yes
9/8/2009,11.6,21.1,5.4,3.6,8.3,W,41,W,ENE,7,11,56,56,1008.2,1007.6,1,6,16.2,17,Yes,No
9/9/2009,10.3,20.8,0.2,3.6,11.2,W,41,W,WSW,20,26,47,35,1010.2,1008.8,1,3,15.7,20.4,No,No
9/10/2009,10,22.2,0,5,10.9,W,41,W,E,20,24,45,38,1015.9,1013.9,1,1,16,19.8,No,No
9/11/2009,9.5,22.4,0,5,10.7,W,41,WNW,E,15,20,50,47,1022.6,1019.4,0,1,15.2,18.4,No,No
9/12/2009,11,28.5,0,6,10.9,W,41,WNW,NE,11,9,49,27,1022.5,1019.1,0,0,17.3,25.5,No,No
9/13/2009,17.3,32.2,0,8.2,10.9,W,41,NNW,E,20,13,24,17,1019.6,1015.5,0,0,25.2,31.9,No,No
9/14/2009,18.1,19.7,0,7.4,6.2,W,41,S,SSE,30,20,70,60,1021.8,1021.3,5,6,18.5,18.4,No,No
9/15/2009,15.4,20.4,0,6.4,6.9,W,41,W,NE,9,17,77,66,1021.4,1016.4,7,6,16.9,19.7,No,No
